feature,importance
total_cgpa,0.716466894029917
backlogs,0.43575558898004774
attendance,0.2649619696211962
projects_internships,0.21546780382624453
competitions,0.1587368433666665
confidence_level,0.11656113483470998
study_hours,0.020600771849300425
prevsem_cgpa,0.016749428179997583
